photo,source,lat,lon,street,human_label,shop_staff_answer,note
IMG_8528.JPG,phone_2026-10-04,53.349381,-6.244989,Custom House Square,likely_used,,apartments over boarded empty ground unit; balconies with plants and bike
IMG_8529.JPG,phone_2026-10-04,53.349247,-6.244436,Custom House Square,likely_used,,apartments over Bean and Bloom cafe; curtains
IMG_8530.JPG,phone_2026-10-04,53.349206,-6.242186,Custom House Square,likely_used,,apartments over City Express; Smash and Wing coming soon on ground floor
IMG_8531.JPG,phone_2026-10-04,53.350169,-6.240892,Spencer Dock,likely_used,,SWAN Youth Service; curtains upstairs; not above a shop
IMG_8532.JPG,phone_2026-10-04,53.350714,-6.241906,,likely_used,,Georgian house next to City Test; curtains and ornament in window
IMG_8533.JPG,phone_2026-10-04,53.350750,-6.243264,,likely_used,,large residential or hotel block; curtains in all windows
IMG_8534.JPG,phone_2026-10-04,53.350919,-6.244714,,unclear,,caged windows and steel door; no visible signs of living
IMG_8535.JPG,phone_2026-10-04,53.350086,-6.250894,Sheriff Street Lower,unclear,,Noctor's 34 closed pub; shutters down; peeling sills; net curtains in two windows
IMG_8536.JPG,phone_2026-10-04,53.349883,-6.251186,,likely_used,,blue pub; items and lights visible on first floor
IMG_8537.JPG,phone_2026-10-04,53.349561,-6.252408,Store Street,likely_used,,Busaras offices; blinds
IMG_8539.JPG,phone_2026-10-04,53.347378,-6.251564,Beresford Place,likely_used,,No 1 Beresford Place Georgian office; curtains
IMG_8540.JPG,phone_2026-10-04,53.347239,-6.251044,City Quay,likely_underused,,graffiti-covered building; broken and boarded upper windows; shutters down; peeling facade
IMG_8542.JPG,phone_2026-10-04,53.348125,-6.247356,,likely_used,,residential block with doorbells 2-6; curtains and blinds
IMG_8543.JPG,phone_2026-10-04,53.348281,-6.249019,,likely_used,,Trinity College Dublin building; offices
